Classifiers,F1,SA,HL,Pr,Re,F1m,F1M,Prm,PrM,Rem,ReM,unkRm,unkRM,unk
MINAS-BR,0.33598563,0.004492903,8.02565E-4,0.44939652,0.2807081,0.34801048,0.30642617,0.45749578,0.319009,0.28109848,0.29497555,NaN,0.0,0
